{"cameraMode":{"drawMode":0,"name":"Shaded","section":"Shading Mode"},"sceneLighting":true,"audioPlay":false,"sceneViewState":{"showFog":false,"showMaterialUpdate":false,"showSkybox":true,"showFlares":false,"showImageEffects":false,"showParticleSystems":true},"in2DMode":false,"pivot":{"x":-7.478159427642822,"y":-96.60971069335938,"z":130.76390075683595},"rotation":{"x":-0.3268706500530243,"y":0.007938316091895104,"z":-0.0027402162086218597,"w":-0.9450318217277527},"size":168.67601013183595,"orthographic":false}