{"cameraMode":{"drawMode":0,"name":"Shaded","section":"Shading Mode"},"sceneLighting":true,"audioPlay":false,"sceneViewState":{"showFog":false,"showMaterialUpdate":false,"showSkybox":true,"showFlares":false,"showImageEffects":false,"showParticleSystems":true},"in2DMode":false,"pivot":{"x":-5.684814929962158,"y":-15.225005149841309,"z":26.985557556152345},"rotation":{"x":-0.3448829650878906,"y":0.043062109500169757,"z":-0.015836285427212716,"w":-0.9375236630439758},"size":22.0,"orthographic":false}