{"cameraMode":{"drawMode":0,"name":"Shaded","section":"Shading Mode"},"sceneLighting":false,"audioPlay":false,"sceneViewState":{"showFog":false,"showMaterialUpdate":false,"showSkybox":true,"showFlares":false,"showImageEffects":false,"showParticleSystems":true},"in2DMode":false,"pivot":{"x":0.9804868698120117,"y":1.276680827140808,"z":0.9074877500534058},"rotation":{"x":-0.5982158184051514,"y":0.09389044344425202,"z":-0.07085347175598145,"w":-0.7926551699638367},"size":2.182478189468384,"orthographic":false}