{"cameraMode":{"drawMode":0,"name":"Shaded","section":"Shading Mode"},"sceneLighting":true,"audioPlay":false,"sceneViewState":{"showFog":false,"showMaterialUpdate":false,"showSkybox":true,"showFlares":false,"showImageEffects":false,"showParticleSystems":true},"in2DMode":false,"pivot":{"x":-2.7775073051452638,"y":13.267708778381348,"z":-2.869539260864258},"rotation":{"x":-0.2615785002708435,"y":0.07605590671300888,"z":-0.02067592740058899,"w":-0.9619588255882263},"size":2.132617712020874,"orthographic":false}