{"cameraMode":{"drawMode":0,"name":"Shaded","section":"Shading Mode"},"sceneLighting":true,"audioPlay":false,"sceneViewState":{"showFog":false,"showMaterialUpdate":false,"showSkybox":true,"showFlares":false,"showImageEffects":false,"showParticleSystems":true},"in2DMode":false,"pivot":{"x":-3.0011603832244875,"y":-9.994698524475098,"z":20.158588409423829},"rotation":{"x":-0.28822654485702517,"y":-0.027860525995492936,"z":0.008395228534936905,"w":-0.9571200609207153},"size":33.63610076904297,"orthographic":false}