{"cameraMode":{"drawMode":0,"name":"Shaded","section":"Shading Mode"},"sceneLighting":true,"audioPlay":false,"sceneViewState":{"showFog":false,"showMaterialUpdate":false,"showSkybox":false,"showFlares":false,"showImageEffects":false,"showParticleSystems":true},"in2DMode":false,"pivot":{"x":0.20986199378967286,"y":-5.928499698638916,"z":3.3330140113830568},"rotation":{"x":-0.40578117966651919,"y":0.015620038844645024,"z":-0.006935663055628538,"w":-0.9138104319572449},"size":32.0384635925293,"orthographic":false}