{"cameraMode":{"drawMode":0,"name":"Shaded","section":"Shading Mode"},"sceneLighting":true,"audioPlay":false,"sceneViewState":{"showFog":false,"showMaterialUpdate":false,"showSkybox":false,"showFlares":false,"showImageEffects":false,"showParticleSystems":true},"in2DMode":false,"pivot":{"x":-1.2080903053283692,"y":2.4850969314575197,"z":-0.06290650367736817},"rotation":{"x":-0.20537728071212769,"y":-0.6035378575325012,"z":0.16469675302505494,"w":-0.7526202201843262},"size":26.464082717895509,"orthographic":false}