{"cameraMode":{"drawMode":0,"name":"Shaded","section":"Shading Mode"},"sceneLighting":true,"audioPlay":false,"sceneViewState":{"showFog":false,"showMaterialUpdate":false,"showSkybox":false,"showFlares":false,"showImageEffects":false,"showParticleSystems":true},"in2DMode":false,"pivot":{"x":168.1404266357422,"y":262.612548828125,"z":-51.519775390625},"rotation":{"x":0.4625334143638611,"y":-0.011968421749770642,"z":0.006244569085538387,"w":0.8864991068840027},"size":154.43275451660157,"orthographic":false}