{"cameraMode":{"drawMode":0,"name":"Shaded","section":"Shading Mode"},"sceneLighting":true,"audioPlay":false,"sceneViewState":{"showFog":false,"showMaterialUpdate":false,"showSkybox":false,"showFlares":false,"showImageEffects":false,"showParticleSystems":true},"in2DMode":false,"pivot":{"x":-3.924098253250122,"y":-89.70145416259766,"z":59.96598434448242},"rotation":{"x":0.4625334143638611,"y":-0.011968421749770642,"z":0.006244569085538387,"w":0.8864991068840027},"size":130.59625244140626,"orthographic":false}