{"cameraMode":{"drawMode":0,"name":"Shaded","section":"Shading Mode"},"sceneLighting":true,"audioPlay":false,"sceneViewState":{"showFog":false,"showMaterialUpdate":false,"showSkybox":false,"showFlares":false,"showImageEffects":false,"showParticleSystems":true},"in2DMode":false,"pivot":{"x":-1.3316395282745362,"y":-89.86683654785156,"z":58.8096923828125},"rotation":{"x":0.4625334143638611,"y":-0.011968421749770642,"z":0.006244569085538387,"w":0.8864991068840027},"size":124.71556091308594,"orthographic":false}