{"cameraMode":{"drawMode":0,"name":"Shaded","section":"Shading Mode"},"sceneLighting":true,"audioPlay":false,"sceneViewState":{"showFog":false,"showMaterialUpdate":false,"showSkybox":false,"showFlares":false,"showImageEffects":false,"showParticleSystems":true},"in2DMode":false,"pivot":{"x":-4.506369590759277,"y":-90.10382080078125,"z":25.44097137451172},"rotation":{"x":0.5976953506469727,"y":-0.06236778572201729,"z":0.046711042523384097,"w":0.797927737236023},"size":154.43275451660157,"orthographic":false}