{"cameraMode":{"drawMode":0,"name":"Shaded","section":"Shading Mode"},"sceneLighting":true,"audioPlay":false,"sceneViewState":{"showFog":false,"showMaterialUpdate":false,"showSkybox":false,"showFlares":false,"showImageEffects":false,"showParticleSystems":true},"in2DMode":false,"pivot":{"x":-1.7269700765609742,"y":0.3573295474052429,"z":-3.029344081878662},"rotation":{"x":0.47990551590919497,"y":-0.1267908662557602,"z":0.07032321393489838,"w":0.8652569055557251},"size":5.0732645988464359,"orthographic":false}